id,value,category
1,0.8964150745008874,A
2,0.6568193875169354,B
3,-1.0110905928234084,A
4,1.2425623696676527,C
5,1.0035618502451458,B
